Tên đề kiểm tra,ONE KINGSMEN 2026 - Trọn bộ 40 câu
Phòng ban,Tất cả
Độ khó,medium
STT,Loại,Câu hỏi,Đáp án A,Đáp án B,Đáp án C,Đáp án D,Đáp án đúng,Giải thích
1,single,Kingsmen định vị mình là gì trên thị trường?,Chuỗi showroom bán lẻ vật liệu xây dựng,Nhà sản xuất keo giá rẻ nhất Việt Nam,Nhà thầu thi công trọn gói,Vật liệu hoàn thiện chuyên dụng (thế hệ mới),D,"Định vị chuyên dụng — không tranh phân khúc giá rẻ, không làm thay vai đại lý hay nhà thầu."
2,single,Bốn chữ gắn liền với lời hứa sản phẩm Kingsmen là:,Mới – Lạ – Độc – Đỉnh,Rẻ – Nhanh – Nhiều – Mạnh,Bền – Đẹp – Sạch – Xanh,Chắc – Khỏe – Bóng – Mịn,C,Bền – Đẹp – Sạch – Xanh là chuẩn lời hứa xuyên suốt mọi hệ sản phẩm.
3,single,Cuộc chơi Kingsmen chọn để thắng là gì?,Đấu thầu dự án hạ tầng lớn,Hệ hoàn thiện + Chuẩn thi công cho dân dụng,Bán lẻ trực tiếp đến người dùng,Giá thấp nhất thị trường,B,Thắng bằng hệ giải pháp và chuẩn thi công — không phải bằng một sản phẩm đơn lẻ hay giá.
4,single,Điều nào Kingsmen chủ động KHÔNG làm?,Xây chuẩn thi công cho từng hệ,Chạy khuyến mãi triền miên để đấu giá rẻ,Đào tạo và chứng nhận thợ,Phát triển hệ màu theo yêu cầu,B,"“Không bán rẻ hơn một chút, không chạy khuyến mãi mãi cho thị trường giá rẻ” — nguyên tắc định vị."
5,single,Tầm nhìn 2030 của Kingsmen là:,Sở hữu 1.000 cửa hàng bán lẻ,"Thương hiệu vật liệu hoàn thiện chuyên dụng được tin dùng hàng đầu Việt Nam, góp phần nâng chuẩn hoàn thiện công trình",Trở thành tổng thầu thi công số 1,Doanh nghiệp xuất khẩu keo lớn nhất Đông Nam Á,B,Ba từ khóa: Được tin dùng · Hàng đầu · Nâng chuẩn.
6,single,Mục tiêu doanh thu toàn công ty năm 2026 là:,150 tỷ,82 tỷ,60 tỷ,120 tỷ,B,82 tỷ — mục tiêu chung của toàn chuỗi giá trị.
7,single,Con số 82 tỷ là kết quả của ai?,Toàn bộ chuỗi giá trị — mọi bộ phận,Riêng ban lãnh đạo,Các đại lý phân phối,Riêng phòng Sales,A,Sản phẩm đúng → … → Tiền đúng: mỗi bộ phận là một mắt xích của kết quả.
8,single,Hai vị trí Top 1 Kingsmen nhắm đến năm 2026:,Keo ron phân khúc mục tiêu & sàn epoxy hiệu ứng,Sơn tường & chống thấm,Gạch ốp lát & thiết bị vệ sinh,Keo dán gạch & phụ kiện,A,Top 1 keo ron phân khúc mục tiêu và Top 1 sàn epoxy hiệu ứng (Terrazy).
9,single,Ba hệ vật liệu chiến lược của Kingsmen:,Keo ron · Chống thấm · Ống nước,Xi măng · Cát · Đá,Keo ron/keo dán gạch · Phủ sàn · Sơn tường,Sơn · Gạch · Thạch cao,C,Ba hệ trụ cột; trong hệ phủ sàn có Terrazy — sàn epoxy hiệu ứng terrazzo.
10,single,“Chuỗi tạo kết quả” của Kingsmen bắt đầu và kết thúc bằng:,Sản phẩm đúng → Tiền & lợi nhuận đúng,Giá đúng → Khách đúng,Quảng cáo đúng → Doanh số đúng,Kênh đúng → Thưởng đúng,A,Sản phẩm đúng → Thông điệp → Kênh → Tư vấn → Giao hàng → Thi công → Hậu mãi → Tiền & lợi nhuận đúng.
11,single,Mắt xích nào KHÔNG có trong chuỗi tạo kết quả?,Hậu mãi đúng,Giảm giá đúng,Tư vấn đúng,Thi công đúng,B,Chuỗi không có “giảm giá” — Kingsmen không thắng bằng giá.
12,single,Cam kết chất lượng “4 KHÔNG 1 CÓ” của keo chít mạch gồm:,Không tạp chất · VOC · co rút · bong tróc — Có chứng nhận,Không đắt · trễ · lỗi · phai — Có bảo hành,Không mùi · bụi · ồn · rác — Có hóa đơn,Không hàng nhái · tồn kho · đại lý ảo · nợ xấu — Có hợp đồng,A,"Bốn KHÔNG về chất lượng vật liệu, một CÓ về chứng nhận kiểm định."
13,single,ColorMatch™ giải quyết nhu cầu nào của khách hàng?,Tự thi công không cần thợ,Giao hàng nhanh trong 2 giờ,Trả góp 0%,Ron đồng màu với gạch theo yêu cầu riêng,D,USP giúp chốt khách muốn ron hòa màu gạch — thẩm mỹ là lý do mua của phân khúc mục tiêu.
14,single,Mô hình bán hàng PULL của Kingsmen nghĩa là:,Bán trực tiếp bỏ qua đại lý,Giảm giá để kéo khách,Đẩy hàng tồn cho đại lý ôm số,Tạo nhu cầu để khách chủ động tìm đến đại lý,D,Truyền thông tạo nhu cầu thật; đại lý là nơi khách tìm đến — không ép đẩy hàng.
15,single,Corner 12m² là gì?,Kho hàng mini của công ty,Mô hình trưng bày Kingsmen đặt tại showroom đại lý,Gian hàng hội chợ lưu động,Văn phòng chi nhánh,B,Corner giúp khách trải nghiệm hệ sản phẩm ngay tại điểm bán của đại lý — động cơ tăng trưởng 2026.
16,single,Terrazy là:,"Hệ sàn epoxy hiệu ứng terrazzo, kinh doanh theo m²",Tên chương trình khuyến mãi,Dịch vụ vệ sinh công trình,Một loại keo dán gạch cao cấp,A,Terrazy bán theo m² hoàn thiện — mở phân khúc cải tạo sàn không đục phá.
17,single,KingPro là chương trình dành cho ai?,Đội thợ thi công — đào tạo và chứng nhận,Đại lý doanh số cao,Khách hàng thân thiết,Nhân viên xuất sắc,A,"Thợ được đào tạo, chứng nhận trở thành người bảo chứng chuẩn thi công và đại sứ thương hiệu."
18,single,Quan hệ giữa Masfico và Kingsmen:,Hai tên của cùng một sản phẩm,Hai công ty đối thủ,Kingsmen là công ty mẹ của Masfico,Masfico là tổ chức vận hành; Kingsmen là thương hiệu chiến lược trên thị trường,D,Đội ngũ vận hành mang tên Masfico; ra thị trường tập trung xây một tên: Kingsmen.
19,single,Đối tượng nào KHÔNG thuộc sáu hành trình trọng tâm của mô hình Kingsmen?,Chủ nhà,Thiết kế/Kiến trúc sư,Nhà cung cấp nguyên liệu,Đại lý/Showroom,C,Sáu hành trình: Chủ nhà · Đại lý · Thợ KingPro · Nhà thầu · Thiết kế · Khiếu nại–hậu mãi.
20,single,Khách nói: “Keo Kingsmen đắt hơn keo thường.” Câu trả lời đúng định vị là:,"Không so giá đơn lẻ — tư vấn hệ giải pháp + chuẩn thi công + độ bền, làm một lần bền cả đời",Thừa nhận đắt và khuyên mua loại rẻ,Nói sản phẩm khác kém chất lượng,Xin giảm giá cho khách ngay,A,Bán giá trị của hệ và chuẩn; tuyệt đối không nói xấu đối thủ.
21,single,Bốn giá trị văn hóa Kingsmen là:,Đoàn kết · Kỷ luật · Sáng tạo · Tiết kiệm,Linh hoạt thích ứng · Tự chủ nâng tầm · Quyết liệt thực thi · Chính trực nhất quán,Nhanh – Gọn – Rẻ – Chất,Tin cậy · Tốc độ · Tinh gọn · Tận tâm,B,Bốn giá trị chính thức — nền của mọi chuẩn hành vi.
22,single,"“Thử nhỏ, đo kết quả, chọn hướng đúng” là cách sống giá trị nào?",Chính trực nhất quán,Quyết liệt thực thi,Linh hoạt thích ứng,Tự chủ nâng tầm,C,Linh hoạt = cập nhật nhanh theo thị trường bằng thử nghiệm có đo lường.
23,single,“Lãnh đạo không chức danh” là tinh thần của giá trị:,Chính trực nhất quán,Linh hoạt thích ứng,Quyết liệt thực thi,Tự chủ nâng tầm,D,"Tự đặt chuẩn cho mình, tự chịu trách nhiệm — không chờ chức danh mới hành động."
24,single,Nhận việc nhưng đề bài chưa rõ. Hành động đúng tinh thần Tự chủ là:,Chốt mục tiêu – đầu ra – deadline với người giao trước khi bắt tay làm,Cứ làm theo cách mình hiểu,Chờ được giải thích thêm,Chuyển việc cho người khác,A,Chốt việc rõ ràng là hành vi đích số 1 — tự chủ bắt đầu từ làm rõ đề bài.
25,single,Chiến dịch đang chạy kém hiệu quả giữa chừng. Linh hoạt thích ứng nghĩa là:,Làm tiếp đúng kế hoạch vì đã duyệt,Chờ cấp trên quyết,"Thử điều chỉnh nhỏ, đo kết quả, chọn hướng đúng",Dừng ngay toàn bộ,C,Không bỏ vội cũng không cứng nhắc — điều chỉnh có đo lường.
26,single,Quyết liệt thực thi thể hiện qua:,"Chốt ưu tiên, triển khai ngay, bám đến cùng để ra kết quả",Làm nhiều việc cùng lúc,Báo cáo thật dày,Tăng ca mỗi ngày,A,"Quyết liệt đo bằng kết quả được bám đến cùng, không phải bằng độ bận rộn."
27,single,Chính trực nhất quán nghĩa là:,Lời nói – quyết định – hành động là một; thắng bằng sự thật,Giữ bí mật mọi thông tin,Luôn đồng ý với cấp trên,Không bao giờ nhận sai,A,Nhất quán giữa nói và làm; sự thật là nền của niềm tin nội bộ lẫn khách hàng.
28,single,Phát hiện báo cáo có số liệu “đẹp hơn thực tế”. Việc đúng là:,Bỏ qua vì đã gửi rồi,Chỉ sửa nếu bị phát hiện,Đổ lỗi cho người nhập liệu,"Sửa lại, báo đúng sự thật, nêu nguyên nhân và bài học",D,Nói thật về số liệu là hành vi đích — nêu rủi ro sớm thay vì làm đẹp báo cáo.
29,single,Một việc có nhiều người cùng tham gia. Trách nhiệm cuối cùng thuộc về:,Vẫn phải có MỘT người chịu trách nhiệm cuối cùng,Tất cả cùng chịu chung chung,Không ai cả,Người mới nhất trong nhóm,A,“Việc của chung” không có nghĩa là “không của ai” — một đầu mối đến cùng.
30,single,Điền vào chỗ trống: “Không chuyển việc mà không chuyển ___.”,Ngữ cảnh,Tiền,Trách nhiệm,Deadline,A,"Bàn giao kèm thông tin, chuẩn và thời hạn — người nhận không phải tự đoán."
31,single,Khách chắc chắn lấy hàng nhưng CHƯA ký xác nhận. Có ghi nhận doanh thu tháng này không?,Không — chỉ ghi nhận khi đủ căn cứ; Chính trực không đổi lấy chỉ tiêu,"Có, vì chắc chắn khách lấy","Có, nếu cuối quý thiếu số",Tùy quản lý quyết,A,Vùng xám kinh điển: ranh giới không thương lượng của Chính trực nhất quán.
32,single,Hành vi nào Kingsmen KHÔNG chấp nhận?,Hứa với khách điều chưa chắc chắn,Đổ lỗi khi có sự cố,"Làm đẹp báo cáo, giấu thông tin xấu",Cả ba hành vi trên,D,Ba hành vi đều phá niềm tin — nền tảng của phối hợp và thương hiệu.
33,single,Điều nào KHÔNG thuộc 5 hành vi đích sau 30 ngày?,Chốt việc rõ ràng,Nói thật về số liệu,Xin phép quản lý trước mọi việc nhỏ,Một đầu mối đến cùng,C,5 hành vi đích: chốt việc rõ · một đầu mối · bàn giao có ngữ cảnh · nói thật số liệu · phản hồi theo chuẩn — tự chủ chứ không xin phép vặt.
34,single,Khách phàn nàn lỗi thi công. Bước ĐẦU TIÊN đúng chuẩn là:,Giải thích đó là lỗi của thợ,Tặng quà xin lỗi ngay,Xác nhận MỘT đầu mối theo đến cùng + hẹn mốc phản hồi cụ thể,Đề nghị khách chờ công ty họp,C,Khách cần biết ai lo cho mình và khi nào có câu trả lời — trước cả khi có giải pháp.
35,single,Ba câu debrief chuẩn sau mỗi bài thực hành:,Bao nhiêu? Khi nào? Ở đâu?,What → So What → Now What,Ai đúng? Ai sai? Ai chịu trách nhiệm?,Tốt – Xấu – Rút kinh nghiệm,B,Chuyện gì xảy ra → nghĩa là gì với công việc thật → ngày mai đổi gì.
36,single,Một cam kết 30 ngày đạt chuẩn phải có đủ:,Lời hứa cố gắng hết mình,Hành vi cụ thể + thời điểm + người liên quan + dấu hiệu hoàn thành,Ít nhất 3 mục tiêu lớn,Chữ ký của giám đốc,B,Cam kết đo được thì mới giữ được — và mới xét được giải Chuyển hóa 30 ngày.
37,single,Dự án cải tiến sau chương trình có các mốc:,30 – 60 – 100 ngày,10 – 20 – 30 ngày,1 – 2 – 3 tuần,7 – 30 – 90 ngày,D,"Ngày 7 chốt kế hoạch · ngày 30 kết quả giữa kỳ · ngày 90 tổng kết, chuẩn hóa và vinh danh."
38,single,Nhịp văn hóa hằng tuần của quản lý KHÔNG bao gồm:,Bình chọn nhân viên yếu nhất tuần,1:1 review cam kết 30 ngày,Kể một câu chuyện văn hóa mỗi tháng,3 câu hỏi cố định trong họp tuần,A,"Văn hóa nuôi bằng ghi nhận và review xây dựng — không bêu tên, không phê bình công khai."
39,single,Bạn nhận một thẻ sự cố không thuộc chuyên môn mình. Đúng tinh thần Kingsmen là:,Trả lại vì không phải việc của mình,Chuyển đại cho ai đó gần nhất,Chờ quản lý phân công,Nghĩ bước tiếp theo và chủ động tìm ĐÚNG người để trao đổi,D,Sự cố không chờ đúng người — ai nhận được phải biết bước tiếp theo.
40,single,Khách hỏi một thông tin bạn chưa chắc chắn. Câu trả lời đúng chuẩn giao tiếp:,“Chắc là được anh ạ.”,“Cái này không phải việc của em.”,“Anh hỏi bộ phận khác giúp em.”,“Em chưa chắc phần này — em xác minh và phản hồi anh trước 15h hôm nay.”,D,Không hứa điều chưa chắc + hẹn mốc cụ thể — trung thực và chuyên nghiệp cùng lúc.
