Tên đề kiểm tra,ONE KINGSMEN 2026 - Phần A - Định hướng kinh doanh
Phòng ban,Tất cả
Độ khó,medium
STT,Loại,Câu hỏi,Đáp án A,Đáp án B,Đáp án C,Đáp án D,Đáp án đúng,Giải thích
1,single,Kingsmen định vị mình là gì trên thị trường?,Chuỗi showroom bán lẻ vật liệu xây dựng,Nhà sản xuất keo giá rẻ nhất Việt Nam,Nhà thầu thi công trọn gói,Vật liệu hoàn thiện chuyên dụng (thế hệ mới),D,"Định vị chuyên dụng — không tranh phân khúc giá rẻ, không làm thay vai đại lý hay nhà thầu."
2,single,Bốn chữ gắn liền với lời hứa sản phẩm Kingsmen là:,Mới – Lạ – Độc – Đỉnh,Rẻ – Nhanh – Nhiều – Mạnh,Bền – Đẹp – Sạch – Xanh,Chắc – Khỏe – Bóng – Mịn,C,Bền – Đẹp – Sạch – Xanh là chuẩn lời hứa xuyên suốt mọi hệ sản phẩm.
3,single,Cuộc chơi Kingsmen chọn để thắng là gì?,Đấu thầu dự án hạ tầng lớn,Hệ hoàn thiện + Chuẩn thi công cho dân dụng,Bán lẻ trực tiếp đến người dùng,Giá thấp nhất thị trường,B,Thắng bằng hệ giải pháp và chuẩn thi công — không phải bằng một sản phẩm đơn lẻ hay giá.
4,single,Điều nào Kingsmen chủ động KHÔNG làm?,Xây chuẩn thi công cho từng hệ,Chạy khuyến mãi triền miên để đấu giá rẻ,Đào tạo và chứng nhận thợ,Phát triển hệ màu theo yêu cầu,B,"“Không bán rẻ hơn một chút, không chạy khuyến mãi mãi cho thị trường giá rẻ” — nguyên tắc định vị."
5,single,Tầm nhìn 2030 của Kingsmen là:,Sở hữu 1.000 cửa hàng bán lẻ,"Thương hiệu vật liệu hoàn thiện chuyên dụng được tin dùng hàng đầu Việt Nam, góp phần nâng chuẩn hoàn thiện công trình",Trở thành tổng thầu thi công số 1,Doanh nghiệp xuất khẩu keo lớn nhất Đông Nam Á,B,Ba từ khóa: Được tin dùng · Hàng đầu · Nâng chuẩn.
6,single,Mục tiêu doanh thu toàn công ty năm 2026 là:,150 tỷ,82 tỷ,60 tỷ,120 tỷ,B,82 tỷ — mục tiêu chung của toàn chuỗi giá trị.
7,single,Con số 82 tỷ là kết quả của ai?,Toàn bộ chuỗi giá trị — mọi bộ phận,Riêng ban lãnh đạo,Các đại lý phân phối,Riêng phòng Sales,A,Sản phẩm đúng → … → Tiền đúng: mỗi bộ phận là một mắt xích của kết quả.
8,single,Hai vị trí Top 1 Kingsmen nhắm đến năm 2026:,Keo ron phân khúc mục tiêu & sàn epoxy hiệu ứng,Sơn tường & chống thấm,Gạch ốp lát & thiết bị vệ sinh,Keo dán gạch & phụ kiện,A,Top 1 keo ron phân khúc mục tiêu và Top 1 sàn epoxy hiệu ứng (Terrazy).
9,single,Ba hệ vật liệu chiến lược của Kingsmen:,Keo ron · Chống thấm · Ống nước,Xi măng · Cát · Đá,Keo ron/keo dán gạch · Phủ sàn · Sơn tường,Sơn · Gạch · Thạch cao,C,Ba hệ trụ cột; trong hệ phủ sàn có Terrazy — sàn epoxy hiệu ứng terrazzo.
10,single,“Chuỗi tạo kết quả” của Kingsmen bắt đầu và kết thúc bằng:,Sản phẩm đúng → Tiền & lợi nhuận đúng,Giá đúng → Khách đúng,Quảng cáo đúng → Doanh số đúng,Kênh đúng → Thưởng đúng,A,Sản phẩm đúng → Thông điệp → Kênh → Tư vấn → Giao hàng → Thi công → Hậu mãi → Tiền & lợi nhuận đúng.
11,single,Mắt xích nào KHÔNG có trong chuỗi tạo kết quả?,Hậu mãi đúng,Giảm giá đúng,Tư vấn đúng,Thi công đúng,B,Chuỗi không có “giảm giá” — Kingsmen không thắng bằng giá.
12,single,Cam kết chất lượng “4 KHÔNG 1 CÓ” của keo chít mạch gồm:,Không tạp chất · VOC · co rút · bong tróc — Có chứng nhận,Không đắt · trễ · lỗi · phai — Có bảo hành,Không mùi · bụi · ồn · rác — Có hóa đơn,Không hàng nhái · tồn kho · đại lý ảo · nợ xấu — Có hợp đồng,A,"Bốn KHÔNG về chất lượng vật liệu, một CÓ về chứng nhận kiểm định."
13,single,ColorMatch™ giải quyết nhu cầu nào của khách hàng?,Tự thi công không cần thợ,Giao hàng nhanh trong 2 giờ,Trả góp 0%,Ron đồng màu với gạch theo yêu cầu riêng,D,USP giúp chốt khách muốn ron hòa màu gạch — thẩm mỹ là lý do mua của phân khúc mục tiêu.
14,single,Mô hình bán hàng PULL của Kingsmen nghĩa là:,Bán trực tiếp bỏ qua đại lý,Giảm giá để kéo khách,Đẩy hàng tồn cho đại lý ôm số,Tạo nhu cầu để khách chủ động tìm đến đại lý,D,Truyền thông tạo nhu cầu thật; đại lý là nơi khách tìm đến — không ép đẩy hàng.
15,single,Corner 12m² là gì?,Kho hàng mini của công ty,Mô hình trưng bày Kingsmen đặt tại showroom đại lý,Gian hàng hội chợ lưu động,Văn phòng chi nhánh,B,Corner giúp khách trải nghiệm hệ sản phẩm ngay tại điểm bán của đại lý — động cơ tăng trưởng 2026.
16,single,Terrazy là:,"Hệ sàn epoxy hiệu ứng terrazzo, kinh doanh theo m²",Tên chương trình khuyến mãi,Dịch vụ vệ sinh công trình,Một loại keo dán gạch cao cấp,A,Terrazy bán theo m² hoàn thiện — mở phân khúc cải tạo sàn không đục phá.
17,single,KingPro là chương trình dành cho ai?,Đội thợ thi công — đào tạo và chứng nhận,Đại lý doanh số cao,Khách hàng thân thiết,Nhân viên xuất sắc,A,"Thợ được đào tạo, chứng nhận trở thành người bảo chứng chuẩn thi công và đại sứ thương hiệu."
18,single,Quan hệ giữa Masfico và Kingsmen:,Hai tên của cùng một sản phẩm,Hai công ty đối thủ,Kingsmen là công ty mẹ của Masfico,Masfico là tổ chức vận hành; Kingsmen là thương hiệu chiến lược trên thị trường,D,Đội ngũ vận hành mang tên Masfico; ra thị trường tập trung xây một tên: Kingsmen.
19,single,Đối tượng nào KHÔNG thuộc sáu hành trình trọng tâm của mô hình Kingsmen?,Chủ nhà,Thiết kế/Kiến trúc sư,Nhà cung cấp nguyên liệu,Đại lý/Showroom,C,Sáu hành trình: Chủ nhà · Đại lý · Thợ KingPro · Nhà thầu · Thiết kế · Khiếu nại–hậu mãi.
20,single,Khách nói: “Keo Kingsmen đắt hơn keo thường.” Câu trả lời đúng định vị là:,"Không so giá đơn lẻ — tư vấn hệ giải pháp + chuẩn thi công + độ bền, làm một lần bền cả đời",Thừa nhận đắt và khuyên mua loại rẻ,Nói sản phẩm khác kém chất lượng,Xin giảm giá cho khách ngay,A,Bán giá trị của hệ và chuẩn; tuyệt đối không nói xấu đối thủ.
